"질병298분류별","진료형태",2015,2015,2015,2015,2015,2015,2015,2015,2015,2015,2015,2015,2016,2016,2016,2016,2016,2016,2016,2016,2016,2016,2016,2016
"질병298분류별","진료형태",합계,0세,1 - 9세,10 - 19세,20 - 29세,30 - 39세,40 - 49세,50 - 59세,60 - 64세,65 - 69세,70 - 74세,75세 이상,합계,0세,1 - 9세,10 - 19세,20 - 29세,30 - 39세,40 - 49세,50 - 59세,60 - 64세,65 - 69세,70 - 74세,75세 이상
"질병298분류별","진료형태",진료비 (천원),진료비 (천원),진료비 (천원),진료비 (천원),진료비 (천원),진료비 (천원),진료비 (천원),진료비 (천원),진료비 (천원),진료비 (천원),진료비 (천원),진료비 (천원),진료비 (천원),진료비 (천원),진료비 (천원),진료비 (천원),진료비 (천원),진료비 (천원),진료비 (천원),진료비 (천원),진료비 (천원),진료비 (천원),진료비 (천원),진료비 (천원)
"총계","계",56358255846,542739398,3282869173,2017219127,2787312074,4563545795,6361840886,10176325867,5187288289,5063586221,5343467712,11032061305,62650434488,568804339,3637109554,2158532008,3061070343,4907624108,6846152774,11013609303,6030645230,5834584599,5843691939,12748610291
"콜레라","계",208419,208,4313,1830,5606,14393,25384,57669,25508,22180,17456,33872,1227069,237,12973,21847,37383,80685,146693,313028,149899,140967,106554,216803
"장티푸스및파라장티프스","계",333249,0,16025,23537,83068,42399,33336,80218,15249,10443,20455,8518,297452,-,13956,41918,74748,23455,35454,64225,15778,9757,10503,7658
"시겔라증","계",130741,4955,33322,10108,16793,7489,3101,19842,4149,12626,6759,11598,135039,32,16452,15460,10260,15864,9573,17179,17137,5648,13263,14171
"아메바증","계",655372,63,10004,31776,51172,52441,64707,163583,49223,44367,84160,103877,680862,1204,16277,25618,47241,37913,123534,203137,75470,44387,35496,70584
"감염성기원이라고추정되는설사와위장염","계",387937076,7467561,89851128,49651008,45151988,40060904,35688085,40448467,16015596,14211254,14054711,35336374,436582143,8192145,97865048,51423841,50909988,45083689,40431647,47059827,20125721,16694927,16342565,42452745
"기타장관감염성질환","계",92409689,3034596,18084201,10033424,9893748,8904288,8259256,9653997,4128070,3872810,4203266,12342034,101434094,3146874,18504958,10251219,10614308,9402545,8883057,10487179,4887564,4522714,4767709,15965966
"호흡기결핵","계",109015735,7461,57864,1664738,6585768,8469454,11939319,17664297,7888106,7243446,10220310,37274973,119555474,5825,35648,1359351,6372520,7470436,12373479,19062642,8995291,8799651,10095731,44984901
"기타결핵","계",21737659,13270,36147,294629,1732498,1966623,2203840,3442982,1787861,1774696,2474054,6011059,21860179,1159,29590,192120,1594711,1884439,2465408,3013606,1549888,2071995,2446649,6610615
"페스트","계",907,0,136,10,22,66,25,22,537,44,25,20,1157,-,171,46,77,22,231,101,14,118,15,362
"브루셀라증","계",30064,0,0,0,12,11302,15750,124,361,94,2422,0,1754,5,43,-,-,-,85,809,96,77,453,186
"나병","계",21966,0,85,39,299,148,114,721,985,4647,8489,6439,58815,-,51,6,7,112,202,704,11589,8656,14287,23202
"신생아파상풍","계",121,0,12,0,34,0,0,61,0,13,0,0,190,-,-,-,-,137,-,-,52,-,-,-
"기타파상풍","계",414063,619,399,800,4064,5798,111532,66768,34094,13158,48399,128431,666895,-,226,1309,5242,4731,52489,55875,20247,100309,247164,179304
"디프테리아","계",0,0,0,0,0,0,0,0,0,0,0,0,-,-,-,-,-,-,-,-,-,-,-,-
"백일해","계",129019,45373,42865,18472,3715,1728,1236,7989,468,2565,3130,1479,99193,28306,19429,17586,141,6339,1765,2468,1462,1157,2917,17622
"수막구균감염","계",66424,19,1876,40622,4559,3979,78,13634,1087,31,15,525,28233,1213,4541,746,5476,280,4593,88,271,5129,1717,4179
"폐혈증","계",102056208,3808738,1356664,317633,919202,1226851,2966171,7764913,5407726,7778810,13755502,56753999,108340025,3686931,1929124,537966,756814,1509293,3225972,7561957,6046172,8279598,12551244,62254953
"기타세균성질환","계",25915476,302242,3798823,710169,1506206,2076751,2523098,3891178,2159868,2204270,2249439,4493433,33728577,279340,4885753,849627,2037848,2971329,3252673,4890166,3000669,2901063,2774380,5885728
"선천매독","계",255917,234161,7571,390,2746,2690,532,3821,960,907,652,1489,151261,117837,12415,182,2555,2787,2268,930,328,354,534,11070
"조기매독","계",767497,4343,1463,29907,254895,212148,121512,82692,18771,15772,12937,13058,842156,-,1330,28747,324188,222937,110151,83611,25274,22910,10190,12816
"기타매독","계",1779158,758,880,25129,209045,261492,279596,414314,135041,171224,128436,153244,2050020,11444,5340,25329,253936,313187,390823,336917,154428,202082,128854,227680
"임균감염","계",1632419,11,2089,78158,568637,501206,295403,133861,22477,13521,8784,8273,1644444,14,403,84532,572515,487807,307645,140677,24696,11825,7151,7180
"성행위로전파되는클라미디아질환","계",2381280,43,189,74658,914097,711024,431347,190898,30137,15155,8494,5239,3095316,40,238,93161,1197913,877387,572029,275933,45465,15275,11197,6678
"기타주로성행위로전파되는감염","계",32394055,218,33351,556026,8341885,8718730,6962685,4975492,1195309,749234,469540,391584,40680906,333,32019,727712,10695998,10809795,8731373,6203896,1556946,878627,554393,489813
"재귀열","계",11479,116,2760,751,2065,1017,47,846,41,298,3402,137,27837,561,2310,884,8158,3804,2008,6654,1944,938,198,378
"트라코마","계",2798,0,54,12,242,614,718,783,115,0,125,134,2596,-,83,14,105,518,298,114,50,1130,39,244
"발진티푸스","계",11278709,31,44329,69521,152408,323363,762507,2081987,1342027,1549506,1654790,3298239,12450285,1859,33584,60331,175289,310537,741127,2334938,1558230,1655560,1841938,3736892
"급성회백수염","계",16617,0,1178,1335,101,208,2843,7509,712,615,1475,642,16924,-,981,556,71,29,3248,2637,7467,1342,315,278
"광견병","계",4949,8,41,24,406,2954,146,55,3,4,1306,0,7205,-,1936,25,3026,1538,30,413,39,92,9,97
"바이러스뇌염","계",3406947,8758,134211,150304,242087,299573,613993,778263,232042,201473,290341,455902,3240928,19336,265829,194973,244968,350522,367145,753019,303315,163010,225511,353299
"황열","계",15,0,0,0,0,0,0,15,0,0,0,0,529,5,11,58,-,-,10,26,-,-,-,419
"기타절지동물매개의바이러스열및바이러스출혈열","계",1234457,671,11605,9465,100448,105642,135227,252077,216788,86388,129020,187126,2060489,43,2637,14940,192309,102570,228397,385786,192070,378755,176962,386018
"헤르페스바이러스감염","계",42183991,215629,7117109,2131215,3650140,5454623,6734024,7659351,2915290,2390253,1818438,2097920,46809611,197695,8500093,2331098,3995390,5817722,7200717,8272144,3449305,2606794,1997044,2441609
"수두","계",139557851,92086,3683503,4293364,6899265,12468320,17627901,33496870,15760347,13177574,11670949,20387672,149276863,78588,3742585,4604033,7359788,13411493,18832308,35329385,17619478,13900108,11885009,22514088
"홍역","계",73568,2785,35972,12562,4290,10743,2619,2939,160,126,1012,361,73293,126,36657,11748,6747,11040,3239,1918,470,807,345,198
"풍진","계",42212,300,6528,1086,16048,15973,1087,23,54,236,61,818,32345,16,3438,958,9514,16497,1173,64,108,82,410,86
"급성B형간염","계",2700951,910,27919,61675,180224,606177,674096,653901,204992,128447,74913,87697,2232401,2995,22228,53297,201151,391577,530526,590348,198383,112591,60911,68395
"기타바이러스간염","계",401739142,80030,498355,1859220,14394533,66576013,110697841,127387940,36945052,21871161,12239367,9189629,515876742,103123,517081,1782499,14936687,68079173,124671442,159293088,59505163,38012843,25593874,23381771
"인체면역결핍바이러스질환","계",81148357,318,9223,316075,12232239,18319907,22302710,16011019,5150553,3458610,2062154,1285550,92234211,-,9110,272730,14546744,20749258,24323180,18561939,6377972,3542996,2358889,1491392
"볼거리","계",4614628,4808,709274,2840870,472244,260203,178561,71372,23310,13193,8345,32449,2526756,3544,704834,1057613,247979,195596,155148,88236,25027,13237,10535,25009
"기타바이러스질환","계",121864677,3423687,49703985,22066060,13995684,11298287,7248180,6125547,2259502,1859419,1586338,2297988,158771800,5363366,71446227,26516641,16810323,13642350,8832281,7125691,2848824,1938039,1532560,2715498
"진균증","계",297150164,692587,3526203,7792143,28474163,45471541,59798411,66502605,25667060,21648977,17326303,20250171,312367580,661976,3644538,7995035,30846529,46745157,61524039,69126957,28601745,23192641,17681500,22347465
"말라리아","계",737010,66,7859,32244,229943,97867,152253,129450,39966,10258,8146,28957,712818,31,3618,24848,251502,76438,114583,134287,36328,15196,39910,16077
"리슈마니아증","계",1492,0,12,109,0,142,0,876,0,21,0,333,1544,-,10,46,24,-,-,-,-,1377,-,86
"트리파노소마증","계",4629,0,76,687,37,163,82,217,66,569,506,2225,5061,-,36,47,185,1273,199,517,152,206,279,2167
"주혈흡충증","계",1987,0,79,7,63,169,323,469,118,200,156,402,4339,-,135,-,1594,477,324,441,628,35,125,579
"기타흡충간염","계",619572,0,6144,16427,20009,28120,125923,159217,107872,51803,45141,58916,784453,11,4743,13640,25421,39387,111807,165411,144666,111630,36966,130772
"포낭충증","계",21683,0,0,0,13525,28,4251,3402,0,12,297,167,15805,-,47,-,5776,37,71,628,4,9242,-,-
"드라쿤쿠루스증","계",612,0,0,0,47,182,40,294,8,8,0,33,256,-,-,-,67,11,132,15,12,11,8,-
"회선사상충증","계",349,0,0,28,53,75,117,42,0,0,0,34,846,-,-,-,135,69,45,119,264,7,208,-
"사상충증","계",245,0,0,37,14,52,0,0,114,29,0,0,1561,-,-,-,-,-,1397,60,104,-,-,-
"구충질환","계",9506,35,1300,470,751,801,945,1186,602,792,875,1749,10108,24,1581,188,358,1264,1133,1254,956,814,847,1691
"기타윤충증","계",756208,552,67735,14304,20637,54680,87215,194430,94115,70991,65200,86352,773063,352,61997,8454,26909,47935,102214,194331,115139,72705,55161,87867
"결핵의후유증","계",5766750,0,429,9759,81130,215054,456888,1029164,719862,810870,744587,1699006,2794838,-,132,5560,33388,71555,169908,483887,327908,382179,404926,915395
"회백수염의후유증","계",355067,0,124,3527,7721,2289,50813,84943,46035,78370,21831,59413,149856,-,-,661,573,673,12662,28040,16554,29003,2223,59469
"나병의후유증","계",2464,0,0,0,0,0,0,546,32,189,186,1511,497,-,-,-,-,-,27,97,172,-,25,176
"기타감염성및기생충성질환","계",7988455,23603,712548,449197,720022,858023,1089273,1312327,544722,581375,483000,1214363,8938315,86981,802280,439851,725626,948605,1191141,1342807,712855,661858,673230,1353080
"입술,구강및인두의악성신생물","계",86580835,104,87904,562061,1278899,3886912,9088320,23276325,12888792,12235459,10514859,12761201,98433354,9,124686,421623,1398183,4099365,10575296,25288444,15296949,13774013,11060163,16394625
"식도의악성신생물","계",62507072,0,14,354,916,155695,1772348,12580981,11579370,11344545,11742988,13329862,70145000,-,-,5244,13086,228140,2644826,13215425,13374164,12454356,12274618,15935142
"위의악성신생물","계",442302123,0,313,112447,1577427,14051404,49273133,104961063,60108870,60492585,59307894,92416988,483356550,-,968,85757,1654372,12881201,49732449,113048944,70933787,64146948,63542322,107329802
"결장의악성신생물","계",324388131,0,65,175272,1403038,7481954,25474805,70213151,44100578,46622550,46796114,82120602,378358797,-,50,97858,1444387,8010966,28419344,81808279,53636797,52471591,53291247,99178278
"간및간내담관의악성신생물","계",270950723,0,93,194664,1286040,6317004,25680250,68874191,39448704,38311301,35725456,55113021,312332960,25,-,207846,1329410,6917569,28759922,77520663,48892583,43662623,38704962,66337358
"직장S상결장접합부,직장,항문과항문관의악성신생물","계",491002664,83198,743427,434759,794760,7086999,44567219,150885968,86453531,72028244,58356157,69568402,535068241,280731,904341,241577,505046,7945840,44745190,156923114,94207765,78750739,65300001,85263897
"췌장의악성신생물","계",122893843,0,27,129193,241542,1493336,7373990,26364866,17928029,20614209,20443254,28305398,151168803,-,10225,140275,368760,1910986,8542981,31483767,25220802,23747954,23451489,36291565
"기타소화기관의악성신생물","계",142277130,0,2230,19498,131705,1390965,6889805,24408707,19163857,22749430,25384252,42136683,170917356,-,2719,26908,212807,1419652,7970151,27529737,24442127,27041760,29379026,52892468
"후두의악성신생물","계",26358793,0,195,53,5216,101633,625106,5001169,4842649,4963812,4993306,5825654,29604036,-,30,3427,1353,97575,766731,5149130,4969881,5624698,5540111,7451099
"기관,기관지및폐의악성신생물","계",542418481,0,22267,74575,673309,5595274,28808263,102436679,80625087,93460223,100515955,130206848,623099840,-,5896,152054,940582,6951885,31017217,115271644,97532439,106332134,108302887,156593101
"기타호흡기와흉곽내기관의악성신생물","계",23776074,17356,528575,446866,1159696,1576236,3411959,5647469,3145030,2524657,2296627,3021604,28862347,10559,701028,834913,1127738,1751803,4357077,7043961,3124118,3369722,2916940,3624488
"뼈와관절연골의악성신생물","계",22091530,0,997773,5616674,3123764,1778172,2418572,2897114,1128528,1318620,1220953,1591361,25469932,19098,1341820,6781231,3301125,2020141,2774124,3596694,1774530,1127767,873570,1859831
"피부의악성흑색종","계",11707687,17,1240,15278,138730,457604,1542637,2456366,1649186,1605506,1562648,2278475,14246420,-,1586,25127,240584,503496,1573463,3409971,1997969,1728152,1775271,2990801
"기타피부의악성신생물","계",17071898,1126,28628,37706,199241,460223,913988,2105760,1354363,1683546,1947593,8339723,21408902,-,37808,37623,210630,391000,1236844,2678685,1785335,1745675,2293687,10991616
"중피성및연조직의악성신생물","계",48709036,70008,2439134,2726571,2584046,3433231,6464410,10571225,5632788,5145514,4318556,5323553,55596592,145041,2709235,2437303,2827481,3616580,6888931,12085980,6929749,6172979,4699732,7083581
"유방의악성신생물","계",596574852,0,0,11124,3330174,47875609,179006257,220190352,63391866,39524972,24385352,18859145,702498324,-,382,33237,4001479,54941112,210988447,252295930,79932356,45859573,29311946,25133863
"자궁경의악성신생물","계",78302335,0,0,7363,911954,9833913,17599681,22958541,8661245,5886037,4989134,7454466,91982558,-,-,9583,1264897,11038358,21529638,27338983,10211628,6168972,5234760,9185740
"기타및상세불명의자궁부위의악성신생물","계",38680149,0,333,10829,544354,2271977,6321971,14913502,5961598,3936769,2331937,2386880,48047217,-,-,30519,480990,2653858,7408542,18388860,8231524,4965575,2823052,3064297
"기타여성생식기관의악성신생물","계",94222467,0,323972,628867,1762449,4487402,16762721,33295233,13350124,9029857,7380717,7201126,114766078,-,105029,692973,2174611,5117466,20538752,41042368,15945463,11421007,8712851,9015558
"전립선의악성신생물","계",175795740,0,7491,109019,16666,38717,843661,11088132,16091566,28325297,39597444,79677748,202209264,-,2361,64150,82037,46936,878276,12301587,19811315,32635238,43009633,93377732
"기타남성생식기관의악성신생물","계",3702005,7032,82104,129853,970094,872362,441754,323896,134828,187963,165996,386124,4893743,1724,64099,172923,1162285,1288743,577754,516299,245276,163993,152773,547874
"방광의악성신생물","계",76866290,0,3162,11267,175599,535022,2862956,10051499,8692755,11065306,13781702,29687021,90399198,-,208,13860,155784,735399,3658448,10588192,10357626,12768197,15924098,36197385
"기타요도의악성신생물","계",91813486,65235,776806,228855,473369,2501099,8604917,21253547,13175919,13949232,12485799,18298709,104581891,24215,1082261,325122,484897,2776295,9551487,23113166,16485961,15513786,13392630,21832072
"눈및눈부속기의악성신생물","계",2894554,79374,1131434,143787,104032,150058,193367,424343,95867,152859,94191,325241,3452087,69091,1592833,131023,67545,184620,204355,372233,204214,134115,178311,313747
"뇌의악성신생물","계",85857829,91540,6938913,7299321,4664601,7486670,12421155,17516036,8356513,6496099,6235605,8351375,98771998,220459,7348446,8415249,5748067,8134720,14103666,20338216,9502719,8457375,6789663,9713419
"기타중추신경계의악성신생물","계",8435454,0,192264,354157,601549,512145,1276858,1904260,650860,892421,837830,1213110,9701222,-,216409,403067,628337,814621,1200945,1683290,1075102,1260764,771393,1647293
"기타,부위불명,속발성,상세불명및다발성부위의악성신생물","계",375572384,439988,5234986,2872527,10162608,37416368,72443418,105563286,44825216,35244103,28777940,32591943,420310026,449695,6105027,3082047,11934774,39937537,77242614,113570043,52376352,40390305,32586519,42635114
"호지킨병","계",8271554,0,11889,938973,1827391,1101471,1009892,1241383,509425,540159,400786,690184,10244846,-,5839,809971,2257267,1684413,1214061,1567747,570195,742874,586470,806009
"비호지킨림프종","계",176038372,836,2350515,4645869,6606724,12289686,21960437,39694567,20730136,21529252,20047253,26183099,202440586,-,2793571,4204941,6765791,12365303,23160751,47279355,27893564,23263989,22562702,32150618
"백혈병","계",293659646,394113,17752816,22415956,23510092,32576217,48042478,57732538,26486356,24144011,18508543,22096526,326030506,338569,18872291,24604056,28842106,35834455,46859945,65493413,31876408,26902285,20535623,25871356
"기타림프,조혈및관련조직의악성신생물","계",122281880,30234,1387712,549062,524706,1469794,7445595,25059389,19944176,22390639,21097888,22382686,137705673,5545,941724,624091,587004,2258353,7803746,30522367,23004063,22087716,21706939,28164125
"자궁경관의상피내암종","계",12322770,0,0,1886,573014,2785548,3826637,2665873,914070,683270,513772,358701,15167180,-,-,7189,844076,3400597,4411689,3118455,1239749,846577,645573,653275
"피부의양성신생물","계",29921126,70748,1408849,2366820,3333397,4105726,5141762,5687677,2221151,1813804,1519401,2251790,33188013,76295,1817697,2584247,3718599,4504228,5543672,6243479,2560746,1949400,1632079,2557571
"유방의양성신생물","계",25623633,0,1530,429284,2291788,4794138,9897845,5924336,1142029,587123,339081,216479,27807069,30,1810,430938,2608753,5280966,10582563,6266013,1338222,660591,378532,258652
"자궁의평활근종","계",151030806,18,592,36704,3873116,28944034,84356367,30026220,2130101,947706,456513,259433,162048712,22,121,18085,4176631,30177970,90587219,32355653,2688954,1190593,563948,289515
"난소의양성신생물","계",51236476,5987,98195,2177194,12449812,14466641,11924922,5945329,1517507,987526,706939,956424,56880764,14996,91944,2315920,13974011,15685423,12766636,6938476,1951539,1224842,859533,1057445
"비뇨기관의양성신생물","계",7162166,12623,20610,49774,208318,532084,1065984,1793188,851370,866247,782603,979363,8268688,5142,13536,59981,283619,566483,1148402,1977345,1085243,979117,865421,1284400
"뇌및기타중추신경계의양성신생물","계",31746210,78128,440089,1332948,1670977,3013128,4794768,7338337,3445044,3179188,2826247,3627357,34127543,11112,634159,1323798,1739182,3103343,4730331,8109254,3762251,3508888,2970563,4234661
"기타상피내,양성신생물및행동양식불명및미상의신생물","계",589367579,1286461,4632173,11523949,22216377,45743864,93756283,146052065,70509427,64410684,57424081,71812213,690766810,1308145,5735288,12408037,24997274,53265524,108498691,168391683,88086477,72874969,65723722,89476997
"기타빈혈","계",81071984,166348,2870986,4356681,7203558,11240104,12001092,11612073,6108360,6788099,5604887,13119797,42077463,140314,2124152,2044471,2428189,4783681,11753649,5523596,1756386,1944558,2233727,7344738
"철결핍성빈혈","계",38622668,191401,2401097,1961612,2236197,4646463,10890562,5138114,1509216,1706074,1970658,5971273,92871314,230543,2786804,4954936,7605271,10003825,14893505,15957190,7381898,8146786,5171259,15739298
"출혈성병태와혈액및조혈기관의기타질환","계",211720598,674127,17745198,36995862,45360739,39909660,31147541,16297671,6692402,4635799,5229500,7032099,224596979,846659,18448740,40641871,45773715,40362734,33926941,18141574,7771793,4837099,4863582,8982271
"면역기전을침범하는특정장애","계",4223636,115659,769469,338523,415210,504481,498395,659144,311988,257904,205305,147557,5198606,31260,840640,584636,458665,456043,537136,927471,455075,315092,227011,365578
"요오드결핍과관련된갑상선장애","계",2545327,6728,14274,17306,162856,689456,356084,536943,248933,165414,187148,160186,3096624,7857,17395,22021,178572,864095,462630,644139,327585,208932,159033,204365
"갑상선중독증","계",76275540,2578,111228,2518269,6951190,14237119,16615668,18103369,6545831,4433302,3230410,3526574,78090051,7962,135192,2538237,7451831,14513117,16871999,18474048,6818123,4529517,3057541,3692485
"기타갑상선장애","계",186531261,455399,1907503,2764534,7629115,25751437,33673201,50233558,21786525,17180566,12248471,12900953,210776415,502981,2011101,3015182,8786180,28712850,37666113,55381156,26197537,19142538,13692236,15668540
"당뇨병","계",1815943778,511,549288,5459774,12628523,47169625,183298222,439264806,260948089,243319124,237378203,385927615,2043306696,1169,623949,6375115,14802432,54166971,205618633,490047415,305310981,272702256,252569715,441088061
"영양실조","계",1354798,490,20046,16031,28117,56596,50477,135138,68363,82587,124644,772309,1444515,5031,10687,18093,30287,48248,78459,126688,101873,118756,143447,762946
"비타민A결핍증","계",1783332,2703,10677,65737,262567,245987,276210,332667,132914,119372,116157,218342,1896678,2412,12950,60695,316271,295274,317901,343985,128026,108250,92990,217923
"기타비타민결핍증","계",7450185,45599,238288,177304,234444,520668,972640,1941559,1200738,736795,623365,758785,9316096,29185,273485,190536,321236,701516,1255887,2677325,1363304,993687,671694,838240
"영양실조및기타영양결핍증의후유증","계",69388,283,2524,626,1406,1596,2867,11250,4850,7669,2179,34137,78140,453,3367,3473,2352,2411,6192,31493,6014,4136,1376,16872
"비만","계",1021315,256,50144,88717,109414,219910,236436,179886,61820,29912,29415,15405,1237594,51,53119,105379,119594,267250,273305,241456,88165,38964,32035,18276
"용적체액상실","계",5706420,139149,1343513,358968,299485,459044,464374,541325,229726,228359,277075,1365403,7508958,188814,1927436,450230,410439,625599,616425,699685,344552,274926,326143,1644709
"기타내분비,영양및대사질환","계",536559980,1473120,46658111,62595518,19982270,25656516,55213921,122902283,62237576,49094578,37249612,53496474,655661481,1565395,56299059,70092442,24692337,32263427,68205679,149460322,81329392,59654792,44297387,67801250
"치매","계",1448395179,0,504,1528,38761,204832,1270317,12518017,20779266,43201592,107134371,1263245991,1680430202,-,242,4356,30407,205667,1367012,12982458,22909191,47278659,108985726,1486666485
"알콜사용에의한정신및행동장애","계",224809810,391,623,263266,3257726,17260126,43277251,69350030,32093400,24761530,18853277,15692189,215364610,130,1788,258872,3208392,16542008,40453040,63600045,32198367,24562863,18289190,16249915
"기타정신활성물질사용에의한정신및행동장애","계",5017830,3636,51453,159820,500032,923079,837421,710449,308400,257390,338088,928062,6183412,4890,65150,245227,662943,991195,1106474,924810,346270,261694,419870,1154889
"정신분열증,분열형및망상성장애","계",418210105,127,5385,6731377,48127724,77407333,105139009,89125667,34043293,23596074,16893994,17140122,431216461,119,9821,7139804,50464431,76560668,104827776,92604142,38395068,24538193,17011772,19664664
"기분(정동성)장애","계",395558383,0,268766,14755959,40297891,48380277,61158047,73534335,35993524,33040265,32345772,55783547,428869265,685,307792,17790807,47682104,52231481,63414391,76572966,40091987,34854203,33814339,62108510
"신경증적,스트레스와관련된신체형장애","계",202147806,4740,751697,8465940,19280459,25798334,35072746,39689649,17301965,15584965,15139663,25057649,226291926,6205,892109,9756834,24037611,29424478,39249739,42804970,19729400,16644926,15635032,28110623
"정신발육지체","계",26089274,68,858388,3937432,10015778,5296675,3236733,1875667,543807,141458,98068,85199,27247974,71,891649,4112489,10288795,5779139,3684533,1603194,415031,292890,48976,131208
"기타정신및행동장애","계",212408980,55016,17959528,45456152,14871996,10746901,12300619,21056825,12090101,13940097,16317243,47614503,232795933,44570,18729370,46500842,16988981,11955394,12652512,22444472,13894328,15541370,18395579,55648516
"중추신경계의염증성질환","계",42370394,1826674,6317382,2919133,3158216,3811585,3335659,5708737,2735164,3047938,3690729,5819176,48397431,1838849,6956137,3650040,3541334,4572411,4165660,6958784,3456360,3407010,3412042,6438804
"파킨슨병","계",375917576,5369,327,14956,64448,500689,2937201,17048655,19451439,31268684,57504871,247120937,437301968,-,102,15061,93056,625351,3047356,18705622,21595828,34938397,59684343,298596852
"알쯔하이머병","계",40654508,8,26,12,4430,3883,97793,777614,991252,2181448,4653837,31944205,51816244,-,45,6,2486,8564,97851,925101,1306035,2336717,5519526,41619915
"다발성경화증","계",12997276,0,67356,374149,2108584,2916175,2944538,2366139,938076,706337,392427,183494,15637407,-,51491,457002,2659118,3554324,3551486,2754964,950937,956042,383130,318912
"간질","계",151259899,1148283,16155593,22439759,23049745,19407785,17980267,18220696,7303787,6487140,6267511,12799333,167384862,1162454,17671317,23556630,25339069,20626563,19657490,19786027,9155744,7612317,7109111,15708141
"편두통및기타두통증후군","계",123015503,1414,474818,4868033,9105672,15896148,23812795,30330070,10956237,8400601,7503837,11665879,138055558,1793,549803,5693457,11038357,17951509,26222879,33378088,13073096,9314041,7770675,13061860
"일과성대뇌허혈성발작및관련증후군","계",69788854,0,11434,121713,417601,1345038,4449718,13107971,9186869,9656660,10360228,21131622,75862115,787,16068,150802,475946,1378025,4598849,13945151,10615257,10374423,10854841,23451965
"신경,신경근및신경총장애","계",171462648,53310,316988,1383671,4962554,10741888,23384599,48757909,20288233,17456581,16813535,27303382,185577900,44782,339211,1544380,5771122,12039696,24453118,51934774,23315628,19024798,17113702,29996690
"뇌성마비및기타마비성증후군","계",557776351,107521,25506484,13694958,9593430,16912813,39369046,90158448,54397388,58517361,71356202,178162701,703307791,115961,25633440,14178666,9994320,18281845,42617984,101703579,67225433,73258867,86737954,263559742
"기타신경계의질환","계",374741080,1800810,9207045,8095690,12764396,20981836,34899252,64322357,38588864,41790942,46973405,95316484,422368036,1377490,10559882,8138908,14809199,23210554,38063632,71535411,46362074,47023954,51597249,109689683
"안검의염증","계",119321597,182623,13364132,17666069,17930440,18265849,17699325,15984801,5441306,4300086,3621327,4865639,129205053,180261,14031557,18687202,19571070,19439829,19149631,17613922,6503334,4706398,3866367,5455480
"결막염및기타결막의장애","계",253938254,1792136,34009833,22339618,21722784,27162648,32845487,40883465,17927022,16266371,15717655,23271235,282162262,1779305,40086103,24050632,24081482,30076116,36061098,44561266,20856364,17800957,16399565,26409373
"각막염및각막과공막의기타장애","계",151240282,173030,4598276,9916997,19942047,18188602,21437699,26794931,11918844,11330648,10892813,16046394,168349143,154093,5491116,10153218,20777766,19685666,23896850,30440802,14453228,12703280,11836146,18756978
"백내장및수정체의기타장애","계",565119436,8682,220148,418911,1044673,3066112,19581584,72057089,66670845,97455253,122699097,181897043,609508731,7615,209291,385149,1077138,2940232,21083933,81410005,75872741,103516513,124309845,198696270
"망막박리와망막의결함","계",32211413,2880,97258,1223892,3019592,3006401,4935452,8628954,4178740,3110425,2051635,1956184,36315867,6382,100735,1193216,3104939,3320122,5776331,9915093,4945890,3344620,2407376,2201164
"녹내장","계",171829972,1887,200647,1484297,5290239,10286184,20972469,33413389,20060742,22503066,22720640,34896412,194336050,4256,208383,1509188,5683059,11086510,23657153,37343706,23997626,25047708,24707187,41091273
"사시","계",25445488,130621,14670589,4272462,933896,676338,801031,1253479,645694,663639,638654,759086,29634492,127664,17206309,5086688,1012965,689496,860196,1468633,745542,777184,684910,974904
"굴절및조절장애","계",135409387,33366,25379059,32256495,12591570,9995084,16644946,16275854,6501516,5454009,4618047,5659441,149413161,32242,27417179,34361913,13618119,10572862,18301223,18076216,8036718,6448350,5363867,7184471
"실명및저시력","계",1007068,461,36949,25173,31105,39993,75879,132856,79195,106448,122476,356532,985203,381,37835,33804,33219,45035,108926,136044,85077,100804,89759,314319
"기타눈및눈부속기의질환","계",576721852,865415,9888331,12399456,29056956,35176630,60172448,111512894,68416827,74177928,72398524,102656442,659148360,871555,11165965,13428568,30529887,38717252,67695033,126054111,82427805,84586318,81605689,122066176
"중이염과중이및유양돌기장애","계",300748529,8810925,147973418,16276775,10310407,15744530,22226557,33581457,13068863,12102985,9456585,11196028,324771773,8745984,162309778,17146688,11257352,17123545,22716366,34980732,15563506,12791840,9852712,12283270
"청력상실","계",69210473,416209,9058055,4385401,4610944,5488553,7827194,12793927,5906661,5786793,5353304,7583432,81813580,444329,8757880,4450371,5149427,6416891,9060055,14330811,7989940,7294225,7012953,10906698
"기타귀및유양돌기질환","계",274218377,738975,10439849,11905624,15471360,23400999,36003264,55312232,26416141,25864494,25480929,43184512,300770837,643362,11328162,12830647,17638242,25506316,39263398,60010758,30517687,27879535,26364049,48788680
"급성류마티스열","계",1786335,271,21588,23876,18442,49414,126466,426177,294840,306375,257085,261801,1456635,268,15652,31571,15784,43658,93983,338368,247666,235668,206213,227804
"만성류마티스심장질환","계",33765439,71273,66924,100258,279071,632302,4191165,7421439,4742250,5277591,5117294,5865872,37724152,118991,123251,32923,126709,645612,3752676,8787641,5884316,5369457,5685305,7197270
"본태성(원발성)고혈압","계",2662265282,4126,32284,498164,4142351,43933101,256911926,668784155,372215005,347538330,330232283,637973558,2825355377,667,32232,620472,5152285,48172820,271543038,700581419,414257297,365986013,333951217,685057916
"기타고혈압성질환","계",187666823,3460,29945,141741,670769,3443035,13188284,34983122,22493722,24776645,26818762,61117337,192311515,176,55015,238865,834381,3817138,13767851,35145811,23965842,24887962,25768349,63830126
"급성심근경색증","계",281817333,90,1730,58612,417667,4780581,27626353,63378230,36253861,34728595,36043981,78527632,322444008,32,4097,23156,418228,5654022,30977962,70614409,43625979,38982178,38700420,93443524
"기타허혈성심장질환","계",823684660,45915,57446,180384,936963,6536198,42972121,161889628,121029330,131231650,137593754,221211271,921617143,8555,139995,190911,844652,7520445,47884040,174325304,141685511,147044346,145818854,256154530
"폐색전증","계",25561125,0,6560,145718,548305,1223643,1598262,2156592,1473019,2011027,3796492,12601505,29931718,-,9757,42050,765089,1199824,1505849,2677951,1988366,2709910,4073497,14959423
"전도장애및심장성부정맥","계",303933727,1089592,1564530,4813665,6963323,12529957,24953785,54131685,33377928,35872780,40578776,88057705,374595907,1035089,2204482,5011716,8738063,14380747,28824666,62193950,42534486,45963959,48761540,114947209
"심부전","계",128150057,101730,87163,308276,643890,1294732,3514041,9485496,7535463,11018768,16814769,77345729,143238402,65671,100481,310192,523375,1714637,4364789,9784226,8595697,10684591,17602687,89492056
"기타심장질환","계",199814336,1143236,2995860,3802265,5880653,11055366,18482389,34450737,20875172,24183033,26027838,50917786,238312238,1062172,2479107,4297104,5842355,11624822,21522372,37868696,25011192,26246237,31796300,70561880
"뇌내출혈","계",540722455,493618,880781,1885969,4936102,20008645,66073637,128767590,62079031,57613401,65406259,132577422,614028399,455157,1099110,2034578,5446321,22222415,70708845,142890874,72248813,67769101,69451020,159702164
"뇌경색증","계",1118848626,173323,373486,396044,1430478,8206436,34098676,116603196,96394153,126427378,173056267,561689188,1267701335,127482,549727,395521,1910260,9696173,38420767,131166663,109004729,139206504,183245021,653978488
"출혈또는경색으로명시되지않은졸중","계",25884491,344,16666,31008,56064,219381,735513,2409761,1966488,2300893,3542877,14605495,26468435,8,7154,13005,76332,324393,748338,2518837,1905176,2324293,3415185,15135713
"기타뇌혈관질환","계",717818889,6546,2303832,3016319,3982518,11719869,39360942,109664287,73765026,82203421,101947933,289848195,619345085,2350,2609193,2894936,4192694,11425729,37670562,102449293,72416788,72676525,79525729,233481285
"죽상경화증","계",68151416,6,8489,10282,137517,493720,2470521,9224060,8928096,10622607,12547855,23708263,75854528,89,3649,11810,128880,493177,2702067,10541506,9868686,11216952,13109539,27778174
"기타말초혈관질환","계",35543024,3638,5875,153565,488205,1192063,3153712,7307212,4334412,4746977,5006758,9150606,42506189,8532,7370,169139,593873,1289615,3577607,8250474,5332025,5681793,5768642,11827119
"동맥색전증및혈전증","계",12780720,92,15030,26079,88888,239605,526815,1478199,1377268,1559124,1927095,5542525,11661860,181,4357,5520,62462,187115,580044,1676908,1306396,1341618,1910030,4587227
"기타동맥,소동맥및모세혈관의질환","계",108848307,2568,83327,388237,1242020,3533105,9054707,14378559,10613985,15088449,18127582,36335767,127600285,67684,131943,373484,1969843,4303470,10596452,16400125,12889070,18007875,19480649,43379691
"정맥염,혈전정맥염,정맥색전증및혈전증","계",19063989,8318,166670,107967,691425,1309282,2153126,2833668,1751779,1967151,2295766,5778837,21429068,13421,26226,155005,549560,1400434,2120951,3454041,2040598,2198490,2519181,6951160
"하지의정맥류","계",37713816,23,1114,166338,2129176,4166856,8037923,11686902,4571194,3360353,2140291,1453647,41670570,44,1250,176264,2153786,4219716,8515105,12917294,5454100,3814986,2473834,1944191
"치핵","계",235430903,4053,124862,4881563,33624985,47595431,56590520,50622961,15847775,10904205,7595478,7639069,46920,8,33,626,5335,8252,10080,9138,4196,3933,2034,3285
"기타순환기계질환","계",46205222,165876,2580022,4905780,4461869,4079973,5941929,9155476,3631475,3174335,3018245,5090242,51754772,115271,2712499,5160282,4892853,4460889,6312079,10062436,4587591,3632731,3366565,6451578
"급성인두염및급성편도염","계",626342456,6391616,211075384,70263076,50182032,84510963,71870765,61954156,23233915,17500481,13594552,15765518,649213308,5606969,220635919,72882203,53492169,87982353,74007556,62128105,25299535,17637853,13279138,16261508
"급성후두염및기관염","계",165835937,714350,28809064,17366340,14328462,23677843,23611767,23355765,9883037,8338775,7077578,8672957,183979644,641183,30814599,19712622,16816046,26841339,26295368,25354315,11551093,9028635,7394432,9530012
"기타급성상기도감염","계",827849134,17066012,307232931,77368272,52431148,88146067,82559244,81088208,33664486,28732005,24853242,34707520,868479430,15232123,313699604,82456036,57854363,96263790,88874707,85073345,37771621,29880516,24664889,36708435
"인플루엔자","계",105957893,230154,42285103,15517909,3935873,7328921,7287104,9013287,3772710,3320636,3422084,9844113,213015905,1526507,101441164,42511725,8576498,14904160,11578661,11164134,4822005,3795128,3582214,9113711
"폐렴","계",784468334,11756803,217314514,24031433,11741332,23190494,26196041,51195474,34996110,43904507,63201621,276940005,856292608,12801990,223397281,24881113,13210546,25378004,29208989,57048491,42044027,49069881,68418699,310833585
"급성기관지염및급성세기관지염","계",1494658955,31193507,654919526,128454703,67869314,131763106,129697702,134251247,59382940,50510551,43828580,62787779,1698559215,34573791,742643269,150461409,80176395,153131891,148440859,148540168,70292514,55337484,45721372,69240062
"만성부비동염","계",221434263,446739,46683136,24941515,20799442,30215582,30902495,32506584,12475644,9366180,6645536,6451410,235472797,392899,46976316,25401308,23096466,33001610,32925994,34773705,14893854,9965202,6932100,7113341
"기타코및비동의질환","계",572091138,3205110,149721624,72001168,57949398,72935338,72052620,66221594,24495958,19264504,15335914,18907909,622967220,3198667,165909752,77041109,63652955,78733168,77028145,70701873,28302976,20747015,16205745,21445816
"편도및아데노이드의만성질환","계",61475541,25699,22484713,10291789,8929712,7337471,5094522,3956026,1311930,859239,580641,603798,69501327,27744,25599473,11413274,10620193,8544269,5581827,4153962,1481450,887348,584573,607215
"기타상기도의질환","계",151502838,625778,19636349,12436382,14893209,22228155,23333848,25926214,10528006,8259012,6360343,7275541,163382442,750722,19808959,12975609,16313467,23970617,24919163,27714567,12370668,8990198,6955911,8612560
"기관지염,폐기종및기타만성폐쇄성폐질환","계",394524080,397267,15757772,11723775,13676163,24975006,30084914,51909845,33790756,39986693,47321050,124900839,421115752,492547,19567156,13624296,15992700,28249116,33097084,54794138,37468667,41217610,47443263,129169175
"천식","계",263556974,1460488,55789301,11781177,8988028,15286647,21206216,33067729,18551307,19111704,21295853,57018524,277432082,1568935,52558790,12094535,10568223,17275281,23077021,35506470,21516354,20340365,21202260,61723848
"기관지확장증","계",28332431,15,10322,113014,192548,462875,1452090,6191736,4523183,4843731,4014632,6528285,31288446,14,18042,82150,207388,441932,1501362,6520814,5258578,5360603,4360995,7536566
"진폐증","계",1578401,0,515,296,1689,1767,13208,156147,140465,211197,302345,750772,1855038,23,442,651,5901,2105,13514,123098,173999,253092,357729,924483
"기타호흡기계질환","계",320069504,1663454,14502984,22041758,16681964,15170153,21139949,35757743,24584321,27000791,33652522,107873865,384596269,1907686,15854587,23340279,17453269,16505629,23544494,45086089,32879388,35931311,40880488,131213050
"치아우식증","계",318287587,8399,74644881,39497403,40332744,35831733,36626041,40852008,16206070,12918938,10368061,11001309,337514075,9482,83736590,39846120,41843466,36905228,37564331,42282801,17923591,13773817,11223262,12405387
"치아및지지구조의기타장애","계",2656016553,59867,113979432,93745695,250041634,266404561,372838480,462623345,174486826,127611526,295509752,498715436,3279437949,42056,126165038,97355930,269872146,278315051,388599186,493084527,198550144,387789852,469178496,570485524
"기타구강,타액선및턱의질환","계",70170478,152583,6933716,5853326,6584770,7314307,8853294,11172531,4959992,4738283,4965311,8642365,75110710,138892,6944432,5409516,7132756,7953545,9394513,12024748,5717914,5128191,5336616,9929587
"위및십이지장궤양","계",241693219,48942,261756,3002483,9552571,20476143,38936729,57777467,26519474,23492620,22551201,39073833,240934444,22486,251736,2941740,9422618,19711067,37898466,56010341,27802729,22724704,21771885,42376672
"위염십이지장염","계",374678950,132661,6273554,19514056,29820486,43007146,56705471,77760678,35079246,31622345,29765316,44997990,384812689,149087,6321798,19621239,31360909,44542524,57385160,78376612,38278907,31901500,29324962,47549990
"기타식도,위및십이지장질환","계",534950247,640075,3674522,9367320,29181587,54467601,85113001,127257390,60894139,53586303,48061895,62706413,584014762,727211,3638820,10141259,32501488,59196003,90611090,135209674,70321553,58471282,51091708,72104676
"충수의질환","계",230401453,10428,11363323,41950461,38354044,40114218,35030225,30265778,9931082,7352013,5971909,10057974,239941600,10698,11504420,41077006,38566308,40886145,36382102,33036199,11407827,8250403,6996079,11824413
"서혜헤르니아","계",51859928,2184061,8199918,1231449,2425916,2497175,3580080,7248528,4684655,5444831,5913359,8449956,56820615,2291728,9829462,1254952,2671260,2613261,3793076,7390993,5493000,5647984,6247659,9587239
"기타헤르니아","계",10607696,213666,318730,60908,196272,829551,1197982,1594654,954402,980406,1313332,2947793,12892218,350807,413980,73052,263387,1142681,1526499,1755645,1076042,1195395,1350193,3744535
"크론병및궤양성대장염","계",101549350,4608,315836,11718333,25730882,21357323,16214648,12844644,4381164,3422175,2594315,2965422,119683347,5041,434855,12998476,30853339,25690916,18980419,14958354,5410746,3963649,2993444,3394109
"헤르니아가없는마비성장폐색증및장관폐쇄","계",50936247,698144,3746179,1465720,1801479,2308037,4338160,7407790,4202584,4368684,5385151,15214319,56097196,870589,4565551,1440963,1969172,2572920,4557758,7455360,4326601,4981537,5584564,17772180
"장의게실성질환","계",30110132,0,20377,577686,2367360,5340817,6509691,5747799,2092408,1872108,1792804,3789082,34703496,94,18914,607913,2711380,5850234,7124000,7061615,2488818,2153888,1907906,4778733
"기타장및복막의질환","계",589719843,2304248,22446540,23534837,39380701,61369785,89038842,129740378,58429043,47883955,43778340,71813174,890581137,2331325,24650018,28234720,77252139,112271087,152083101,194008638,87592616,65383631,56186247,90587615
"알콜성간질환","계",97017602,0,1637,31455,910863,7301140,21141193,36457321,13213824,8207306,5322562,4430301,103778183,-,2305,32619,1091860,7928401,21722169,37949706,15093887,9009493,5657113,5290631
"기타간질환","계",315759528,281068,1078144,3809193,10777948,23775133,50971619,96554473,41278950,31290452,24187851,31754699,345895770,404396,1484452,4646921,11188140,26102314,53637701,98588994,46902384,36131247,27542176,39267045
"담석등및담낭염","계",288555431,7757,88063,1076628,8966832,27930514,38276032,50834097,26442902,27234077,30306576,77391953,335536685,3659,84418,1071023,10745446,31850249,44582358,57939185,32084522,30908126,33310479,92957220
"급성췌장염및기타췌장의질환","계",69714382,8956,145262,850514,2988778,9278571,13824933,16794910,6787242,5106483,5138134,8790599,78256836,481,302714,1002424,3502363,9816098,15210497,18882603,7889216,6274567,5220053,10155819
"기타소화기계의질환","계",99860094,465687,1773345,1144150,2938018,7030566,11556074,18880402,9302342,9673329,10050806,27045374,123458038,641152,2002561,1361038,3981819,8288577,14053269,22940177,12044126,11656152,11905309,34583859
"피부및피하조직의감염","계",257287540,1543911,26970923,25906624,31276201,32744607,34929411,37752834,15543722,13752511,13101950,23764845,280381817,1541029,30665457,27231772,34148898,34609576,37424338,40967028,17790012,14922253,13662401,27419054
"기타피부및피하조직의질환","계",1000092592,6525654,86056134,89104829,114054481,122454767,144849710,162867436,65346261,58223718,53479714,97129890,1088204549,6078566,91530189,93593745,125926481,131304403,155341020,176129668,75603271,62870325,56819952,113006929
"류마토이드관절염및기타염증성다발성관절병증","계",433407171,1979,648085,3695454,9789616,27754207,55974042,104411484,55240480,53645714,49204642,73041468,458675745,1126,726604,3631187,10433056,29817621,59512165,109252786,59863658,55574865,50543385,79319290
"관절증","계",1353070025,12402,261786,1754113,5048340,11086918,46569019,225011902,185928865,249660655,268695606,359040418,1514383200,7763,277159,1954283,5459951,11765625,48175736,237437423,214542350,281085083,294311324,419366503
"사지의후천성변형","계",56300683,32350,1047158,3155371,3783932,3073450,6968056,21130470,8445581,4787515,2358701,1518097,62647239,24568,1207311,3349366,4305879,2976661,7149980,22317650,10704690,5880194,2843424,1887514
"관절의기타장애","계",342700464,161457,3179097,12049564,24911244,27694166,50386623,93800105,37926394,29575255,24457314,38559245,370908345,174518,3549575,12929837,27768739,29806008,53539847,98663254,43795686,32200251,25225160,43255470
"전신성결합조직의장애","계",96112189,754210,8914263,3394726,8375014,12529588,17720031,20420619,8213630,5815697,4919827,5054584,108957278,811029,9451388,3378494,9694084,14039758,20044101,22605433,10699947,7065158,5180092,5987794
"요추및기타추간판장애","계",865537191,533,13037,6631426,38357022,93999255,154969488,233559192,95530647,81979175,71827780,88669636,891820102,186,15274,6271528,37810337,92089303,156425567,237794898,105368207,85439969,72930753,97674082
"기타배병증","계",1796442734,539352,1832722,24151240,55143435,105991596,169539929,328335497,196252680,229078140,259832995,425745147,1957561670,596898,2066331,24788801,59526801,111674380,181118110,349294682,226162309,249125041,271133231,482075085
"연부조직장애","계",1093292062,85554,7954975,24143843,44523861,80902115,191787324,328148143,128767162,103722757,82099739,101156589,1181142361,96352,8500691,25712197,49665945,86391006,201797710,349314574,148324038,112668841,86181193,112489814
"뼈밀도및구조장애","계",204681583,830,248155,1365416,2065553,1941053,4642220,30570056,26663818,36944969,37205748,63033765,220553695,1853,234415,1408978,2394241,2244096,5038076,32701626,30186695,39481055,37629907,69232753
"골수염","계",23110380,75662,439755,690432,789094,1172345,2625693,4338436,2802923,2603357,2628484,4944200,24840671,27633,380029,732587,734998,1096642,2523154,5047611,3200844,2973808,2572500,5550866
"급성및급속진행성신염증후군","계",3323664,5282,158461,123796,197731,277089,394632,533381,329663,360751,279577,663301,140031785,61566,1135120,5032345,5939905,9586045,16141932,29353271,16528503,15583985,15422519,25246594
"기타근골격계및결합조직의기타장애","계",124956017,43274,1041326,4382325,5063971,8498945,15119186,27674814,13916322,13476704,15068739,20670411,3262698,695,238583,109657,227527,253202,359002,612353,379877,303350,310003,468450
"기타사구체질환","계",50925609,26970,1584625,2611507,3978306,5878027,8583903,10835712,4827445,4077124,3530231,4991761,53383249,15232,1726928,2756822,4193342,6276506,9098900,10985889,5261690,4304529,3450808,5312603
"신세뇨관-간질성질환","계",136235057,5131480,7342235,2817653,9131534,11044760,16252729,23270661,10189401,10017753,11501756,29535096,160528398,5995668,8226318,2951375,9805867,11814389,17799868,26479680,12999674,11696590,13389829,39369139
"신부전증","계",1618051415,163037,1007370,2929596,18635370,66259991,160785948,338982596,214055597,224635481,223319488,367276940,1752156876,210694,1183710,2869799,19186855,67895221,169665307,350525077,236114699,239922574,236472393,428110547
"요로결석증","계",218448683,4716,204143,2426621,13025762,34487270,49676697,57475316,21780039,15616702,11297036,12454381,241959912,2643,327639,2612992,14278726,37281851,54094244,62789254,25322048,17495780,12773449,14981287
"방광염","계",127667783,463220,2381638,2104362,12913213,16251237,23447616,28167972,10694180,8689436,8061197,14493712,139248084,554781,2554629,2268875,13928144,16660684,24599038,30391071,12730203,9640578,8644897,17275183
"기타비뇨기계의질환","계",257432500,2750248,6877637,3055838,14552170,22649892,35162926,44845764,19783321,20047202,23151873,64555630,307731512,3381424,7449719,3351314,18152307,27300356,39364782,49758206,24446746,23540372,26919131,84067156
"전립선의비대","계",381888429,17,509,8085,192333,1206408,12342411,53837056,51242367,70382350,75428632,117248261,421964608,-,856,13413,248528,1399961,13740759,58501689,59203233,75417176,80734891,132704103
"전립선의기타장애","계",52632562,16,2217,275356,5050260,10132334,11741634,10599484,4187812,3480832,2908593,4254025,52179150,-,863,284690,5178464,9983891,11078340,10207612,4451074,3659758,2920648,4413812
"음낭수류및정액류","계",6077279,87742,2207552,132168,128119,228436,539727,983324,534377,443773,376338,415723,6334865,76109,1987154,158096,163631,237505,490261,1106915,647428,496188,432632,538946
"과장포피,포경및감돈포경","계",482811,4041,178479,164971,45256,15332,13190,16485,3965,9084,5092,26915,520903,4566,198960,172681,49616,16637,13522,14884,10791,7760,6774,24713
"남성생식기관의기타질환","계",22858433,109344,2963093,2058063,2216527,4720855,3417534,2896014,1175668,1222512,805092,1273732,25385359,83038,3166972,2101002,2448309,5464215,3896717,3292521,1488277,1126172,952541,1365596
"유방의장애","계",45464255,9301,240498,1069899,4505882,9807156,13893434,10824991,2414978,1347750,736894,613472,56328795,5126,295229,1187806,5218972,11724781,17509113,13446889,3405657,1729682,998381,807158
"난관염및난소염","계",8930144,0,279,181216,1334904,3148106,2686100,1208275,148083,82223,68788,72171,8840211,3836,18,182169,1383764,3129910,2669643,1163135,105234,73794,53162,75547
"자궁경부의염증성질환","계",62095921,137,12710,671967,12563099,17648618,16408860,10320869,2078135,1133143,697084,561298,68805124,59,15303,718746,14540734,18967240,17721436,11600825,2544557,1274697,777477,644051
"기타여성골반내장기의염증성질환","계",131859921,6380,560985,2821031,29981665,36565711,33497974,19537273,3648708,2029788,1420565,1789841,141536814,9841,616254,2893878,32909117,37982406,35340830,21442229,4402641,2311887,1577915,2049816
"자궁내막증","계",51957002,13,0,272366,6220594,13229424,25873481,6075569,167902,65589,33487,18576,56400659,-,50,249121,7083691,14183385,27781688,6767269,190577,78294,44121,22462
"여성생식기탈출","계",17479433,54,82,4293,45470,208796,1070122,2958497,2853599,3325626,3403210,3609683,18689103,149,265,3968,67233,223062,992181,3205655,3273364,3640882,3449434,3832910
"난소,난관및광인대의비염증성장애","계",35024086,42737,74687,2083125,9355572,9680616,8116995,3379458,858459,522139,399450,510847,38617671,36378,64229,2232314,9916125,10206319,9155107,4152724,1081843,700408,495913,576312
"월경장애","계",22879714,0,355,1674523,7445841,6684422,5959483,1115089,0,0,0,0,26849258,-,923,1984928,8513648,7371630,7475094,1503036,-,-,-,-
"폐경기및기타폐경기전후장애","계",78765162,0,0,0,26459,250790,9434771,47289055,12082338,5738523,2520198,1423028,81402936,-,-,-,27930,243099,9622437,47889399,13340521,5943880,2759032,1576638
"여성불임증","계",25126191,0,0,9898,3152619,18940107,3016822,6744,0,0,0,0,25310007,-,-,12404,2924385,18984159,3380595,8465,-,-,-,-
"기타비뇨생식기로의장애","계",102853442,17596,80714,2096015,15680577,28937827,31725564,16562348,3127003,1872237,1384932,1368629,118270899,11542,81557,2458177,18290305,32068944,36405860,19281745,4050651,2308254,1595982,1717883
"자연유산","계",1644936,0,0,14994,360196,1045699,222579,1468,0,0,0,0,1630590,-,-,14142,330838,1035777,246914,2919,-,-,-,-
"의학적유산","계",230985,0,0,8357,46927,147048,28568,85,0,0,0,0,182091,-,-,8640,36577,118246,18575,52,-,-,-,-
"기타유산된임신","계",30324328,0,46,185184,6126285,20119159,3824265,69389,0,0,0,0,30312907,13,27,175830,5841166,20198292,3995105,102474,-,-,-,-
"임신,출산및산욕의부종,단백뇨및고혈압성장애","계",6907251,0,67,14574,1207501,5143850,537006,4254,0,0,0,0,8091919,-,224,11950,1466758,5907849,700185,4953,-,-,-,-
"전치태반,태반조기박리및분만전출혈","계",10651249,0,0,6984,1231608,8485238,926573,846,0,0,0,0,11123436,-,-,8553,1253208,8812430,1048736,510,-,-,-,-
"기타태아와양막강및가능한분만문제와관련된산모관리","계",142106471,0,32,212805,23204589,109792329,8889300,7416,0,0,0,0,157221324,-,60,231020,25592067,121184921,10207692,5565,-,-,-,-
"난산","계",31362534,0,0,92160,8345599,21798065,1126709,0,0,0,0,0,33739029,-,-,80358,8956070,23468215,1234333,53,-,-,-,-
"분만후출혈","계",4683395,0,0,15805,723295,3556985,387139,171,0,0,0,0,4790067,-,-,11186,737938,3613545,425891,1507,-,-,-,-
"기타임신과분만의합병증","계",265296513,0,253,644092,58676728,194717664,11237830,19946,0,0,0,0,268846475,15,304,691922,59526008,196385170,12232712,10344,-,-,-,-
"단일자연분만","계",200389141,0,0,614756,50427007,144338322,5009056,0,0,0,0,0,182841197,-,-,584635,44924841,132201877,5128746,1098,-,-,-,-
"달리분류되지않은주로산욕기에관련된합병증및기타산과적병태","계",10142201,0,118,34837,2403027,7181571,504081,18568,0,0,0,0,11093165,-,195,37503,2287773,8073943,674107,19643,-,-,-,-
"모성요인과임신,출산및분만의합병증에의해영향을받은태아및신생아","계",3017796,2972315,45481,0,0,0,0,0,0,0,0,0,3136165,3098482,37683,-,-,-,-,-,-,-,-,-
"태아발육지연,태아영양실조와단기임신및저체중출산과관련된장애","계",130204999,120150796,10054204,0,0,0,0,0,0,0,0,0,135932370,123935525,11996845,-,-,-,-,-,-,-,-,-
"출산외상","계",1027149,960982,66168,0,0,0,0,0,0,0,0,0,1033248,917090,116159,-,-,-,-,-,-,-,-,-
"자궁내저산소증및출산질식","계",3089324,2749741,339582,0,0,0,0,0,0,0,0,0,3182388,3040428,141960,-,-,-,-,-,-,-,-,-
"주산기에기원한기타호흡기장애","계",96540041,86133440,10406602,0,0,0,0,0,0,0,0,0,104315989,93588718,10727270,-,-,-,-,-,-,-,-,-
"선천선감염및기생충성질환","계",5520886,5291129,229757,0,0,0,0,0,0,0,0,0,6109589,5957680,151909,-,-,-,-,-,-,-,-,-
"주산기에특이한기타감염","계",1618055,1536921,81134,0,0,0,0,0,0,0,0,0,1824702,1727590,97112,-,-,-,-,-,-,-,-,-
"태아및신생아의용혈성질환","계",93650,93389,261,0,0,0,0,0,0,0,0,0,91150,90247,903,-,-,-,-,-,-,-,-,-
"기타주산기에기원한병태","계",27539786,26205715,1334071,0,0,0,0,0,0,0,0,0,29137413,27652067,1485346,-,-,-,-,-,-,-,-,-
"이분척추증","계",1882314,375215,719758,309294,249834,105482,34652,80908,3999,1472,1442,258,1920338,489216,752232,268836,180724,91707,79365,23997,7406,9534,15807,1515
"기타신경계의선천성기형","계",5385093,1073470,2399060,600543,301718,299387,256556,229188,108972,39519,50937,25745,5530846,814145,2435587,751257,362631,415507,301424,224563,72000,77122,51354,25256
"순환기계의선천성기형","계",107226406,37093528,24662052,7598965,6416186,6627844,7618042,8143456,3133020,2395644,1873378,1664290,124989457,41406051,31118257,7833110,7837777,7630251,8757432,9583325,4132532,2732970,1872807,2084945
"토순및구개열","계",2856878,849813,1346070,282173,261817,63126,25757,11484,13051,1168,1316,1103,2969934,732538,1666000,241785,240926,32558,25955,17338,7071,4262,360,1140
"소장의결여,폐쇄및협착","계",1767322,1587127,157043,734,17,31,294,20489,173,14,0,1400,1748032,1473093,270930,539,1324,-,563,106,615,51,-,811
"기타소화기계의선천성기형","계",18653500,7586827,6400623,873640,605827,520322,585009,826887,318526,266040,256963,412836,18981706,7703744,6242046,809620,779259,498801,710522,836908,454852,346355,288348,311251
"정류고환","계",3308129,280414,2564086,176629,87564,78889,46990,37397,20661,4358,8331,2810,3281552,246592,2563848,208259,87496,71079,32687,36422,13166,10693,11023,288
"기타비뇨생식기계의기형","계",13127377,1567974,3766459,886676,641292,858617,1211470,1811912,803392,622165,438606,518813,15580730,1678724,4761998,1140404,759027,1001749,1464833,2062437,977624,687481,485009,561443
"고관절의선천성변형","계",1690287,131415,728845,207898,118764,54212,98058,74396,84547,57297,46695,88160,1814511,125870,768023,178777,108221,104633,141926,129656,81169,35546,29705,110987
"발의선천성변형","계",2115338,170310,608352,524680,311943,154990,97082,134844,52284,31591,13287,15974,2443403,238247,669380,626283,396117,139674,106916,129761,48253,49883,28343,10544
"기타근골격계의선천성기형및변형","계",19081452,3993246,7836598,3756785,1817093,511106,405735,331983,131916,120021,78402,98566,19735323,3592862,8305366,3900011,1883428,676237,416873,469620,171318,111237,74541,133830
"기타선천성기형","계",34572731,2692145,12159030,6506202,3915384,3236447,2613942,2020226,534651,393778,253428,247497,39476984,3125539,13919211,6825940,4735764,3732660,2923321,2365514,788676,458383,293610,308366
"달리분류되지않은염색체이상","계",9487504,1163728,3675432,3573371,465023,284926,199193,106810,12859,2098,328,3737,10214490,1202567,4277988,3367213,662873,312514,239947,134411,13969,2395,210,402
"복부및골반동통","계",131209774,290553,7828694,10571627,14881581,18523439,19910242,23118464,9093737,7591082,6946699,12453657,151949881,306109,8564430,11312029,16578706,20942121,22604081,27487304,11892583,9138635,8019063,15104821
"원인미상열","계",73220746,4016195,24838551,4800042,5192320,6696058,4983930,5797978,2834838,2778422,2878856,8403556,85054560,4570647,29251831,5434399,5966132,7553981,5653376,6729604,3346760,3139275,3529557,9878997
"노쇠","계",2020427,0,25,25,100,210,485,1769,8226,24344,128679,1856562,1994890,-,-,23,207,72,330,10843,26253,23621,47560,1885981
"기타달리분류되지않은증상,징후와임상및검사상이상소견","계",833870516,6026430,61564159,37858392,47252547,67131817,97589341,152484760,74560951,71129142,72402166,145870812,994680237,6634120,73533982,46855651,57150453,79204665,114653478,179325919,94217694,83930387,81127436,178046454
"두개골및안면골의골절","계",92596950,128368,3408610,10768665,14523110,13139610,14805385,16529835,5979905,4696686,3833732,4783044,95624327,143870,3372539,10175989,14665211,13566393,15083084,17455437,6835930,5038933,3794038,5492902
"목,흉곽또는골반의골절","계",362450687,591,155438,3462718,6542131,12872759,22932446,46579445,27580181,32956213,48805036,160563728,404305186,378,193047,3679284,7097949,12937145,23489808,49533468,31781134,36300824,50927099,188365050
"대퇴골의골절","계",299475640,33272,800766,2043056,2343165,2786169,5175180,13561019,10172354,16533478,32783009,213244173,328800535,45385,806906,1841086,2214280,3053485,5513316,13804004,11392753,17517928,32509892,240101499
"기타사지뼈의골절","계",716688757,97522,31271575,81024469,56318754,65743951,88827748,151010528,63944702,51734992,46182711,80531805,766596710,87140,32436165,79287989,58907771,69160866,91530315,162096540,75329646,57333508,48534110,91892660
"다발성신체부위를침범하는골절","계",337808,7,6126,31053,15212,15002,23632,25667,15882,10994,44138,150093,326912,-,7775,16614,19805,11274,23776,45869,44626,23675,20562,112937
"명시된다발성신체부위의탈구,염좌및긴장","계",960928240,228966,34733357,128005632,129060303,134793598,162562840,185750924,62896301,45099649,33442090,44354581,1004475433,221635,36222732,130066779,138841116,140487745,167611079,190453317,70444030,47228807,34286697,48611496
"눈및안와의손상","계",15868550,21410,1279626,1653028,1710562,2116631,2558636,3156096,1253043,873084,585644,660790,16331585,17495,1298208,1604081,1761059,2157205,2544129,3290956,1339502,915541,653087,750322
"두개내손상","계",236818554,500876,6385609,7712529,9945219,11759342,20455791,39643696,21945049,23818788,27663997,66987657,255357957,572228,6718520,6668040,9927847,11405112,20597978,41573123,24716918,26907791,28951823,77318578
"기타내부장기의손상","계",28468327,1722,449282,1472388,2416319,2882973,4156359,6492971,2252563,2169977,2063765,4110009,30638395,437,515037,1344696,2428708,3293362,4242731,6313516,2990720,2778507,2091645,4639036
"명시된다발성신체부위의압궤손상및외상성절단","계",42551492,12573,2061841,1660936,3570966,4652887,8071623,12020007,4088717,2716644,1705435,1989861,42542889,8892,1808258,1518977,3521561,4515202,7622729,12061533,4567049,2904652,1876672,2137365
"명시된상세불명및다발성신체부위의기타손상","계",706132112,824439,59448027,64090684,72477842,83238318,109623155,137878228,53321090,41392154,33715890,50122283,728201908,817215,59388960,61850959,74553617,83777499,110397218,142294596,59618540,44954469,35088036,55460799
"자연개구를통해들어온이물의효과","계",49462138,122165,4526486,2248928,3883566,5924323,8972825,11541584,4044375,2893128,2133000,3171759,52992119,134995,4782348,2397372,4159121,6048286,9111066,12455232,4722857,3212260,2375300,3593283
"화상및부식","계",148083408,950240,21269179,9428546,14967301,17831589,24001500,27257962,9039180,6450955,5922003,10964952,161467813,1040548,21479623,10571221,16883082,18967911,25171710,29621021,10970560,8104031,6194386,12463718
"약물및생물학적물질에의한중독","계",10396787,13953,214131,393203,962023,1198568,1745715,1484720,500090,741514,746706,2396162,11800531,15297,210357,418201,1143569,1421183,1939058,1690161,611344,683161,871689,2796512
"주로비의약용물질의중독작용","계",24391669,18287,502621,568141,1191417,2112014,3386282,5173662,2198832,2078741,2328885,4832786,26901223,19906,541261,612463,1443315,2232372,3386440,5272480,2474382,2497202,2580462,5840939
"학대증후군","계",441095,199,7162,127061,189476,57082,28074,19588,1416,614,435,9989,502804,14577,12441,127616,210398,75228,38019,15773,3514,1504,1342,2391
"기타및상세불명외인의영향","계",19302343,186599,2699663,1313439,1836516,2321530,2708016,3404254,1276472,1023366,918423,1614065,24093097,153906,3033527,1701983,2154386,2808881,3571426,4244135,1756267,1348745,1164046,2155794
"달리분류되지않은외상의특정조기합병증과외과적및내과적처치의합병증","계",83917236,147719,1183155,1505970,3243486,5090253,7573548,14022678,8439556,10836274,12308076,19566522,99076592,126172,1353130,1660147,3720799,5598653,9627252,16267110,11273050,12384873,13361519,23703886
"손상,중독및외인의기타결과의후휴증","계",16674628,999,335282,498887,828110,1097979,1606029,3037998,1193093,1385382,1379545,5311324,17660792,116,341233,410801,759336,1155492,1366200,2863737,1667799,1574772,1603038,5918268
"검사및조사를위해보건서비스와접하고있는사람","계",34571567,746214,2431656,1678850,2176223,2930761,4535797,7082827,3271164,2964515,2662504,4091055,46403162,897138,3228946,1999024,2676152,3661341,5757477,9319505,4894047,4241682,3719250,6008602
"무증상인체면역결핍바이러스감염상태","계",194087,22,55,8544,45122,30327,51807,42565,6444,12,4387,4804,235234,905,-,576,40041,53116,77084,39597,11350,304,-,12260
"기타전염성질환과관련되어건강위험의가능성이있는사람","계",73580840,217293,35540313,28682933,972052,1520859,1707954,2027984,808077,646344,537560,919471,67364151,205022,35333750,27767109,618624,710528,634652,735333,350567,306749,235137,466680
"피임관리","계",2704540,711,0,27445,421877,770290,1115068,349311,9611,2946,1480,5802,2498706,379,35,22415,335014,690717,1041645,384036,12674,5993,2167,3631
"출산전선별검사및기타임신의관리","계",156027730,1965,99,501305,39789329,110233501,5494656,4927,940,704,177,126,217758634,3649,181,706286,56363340,152834623,7842082,6090,471,1668,128,116
"출산장소에따른출생영아","계",73416927,73416927,0,0,0,0,0,0,0,0,0,0,72071856,72071856,-,-,-,-,-,-,-,-,-,-
"분만후간호및검사","계",5501077,713,121,13754,1271396,4004876,209080,775,142,81,56,83,5427224,2005,71,12519,1186679,3997753,226564,1174,142,16,285,17
"특수처치및건강보호를위하여보건서비스와접하고있는사람","계",300689032,205217,3752483,4894570,8136347,16812546,38066379,73463985,36398617,31411114,32779341,54768434,353102367,149110,4013084,5037151,9653495,17835795,40932300,79117388,41471780,39995785,41244316,73652164
"기타이유로보건서비스와접하고있는사람","계",326254636,1149479,3519338,5534811,11580201,27082416,52508966,98335945,44176151,33647349,22389759,26330220,353520182,1416841,3651437,5742482,12758213,29569336,54646461,103523516,49389959,36598684,25608487,30614766
"기타","계",298079172,757720,15797271,4184232,6694735,11712182,22019764,52197471,34922188,38778741,40868214,70146654,300459407,541248,17979240,4944962,6859846,11061009,21429417,51061318,36396884,38764803,38612629,72808053
